{
  "corpus_file": "data/vector_memory_scaling/corpus.jsonl",
  "metrics": [
    {
      "mode": "vector_memory",
      "corpus_size": 10000,
      "query_count": 200,
      "write_latency": {
        "count": 10000,
        "p50": 0.005186873499951616,
        "p95": 0.019690268700196606,
        "max": 0.430554028998813
      },
      "query_latency": {
        "count": 200,
        "p50": 0.026327181501073937,
        "p95": 0.03225202194989833,
        "max": 0.058385065000038594
      },
      "duration_seconds": 84.25715209699956
    },
    {
      "mode": "memory_store_fallback",
      "corpus_size": 10000,
      "query_count": 200,
      "write_latency": {
        "count": 10000,
        "p50": 0.005764683499364764,
        "p95": 0.01315964270033871,
        "max": 0.5385890809993725
      },
      "query_latency": {
        "count": 200,
        "p50": 0.0018630004997248761,
        "p95": 0.0024664790490533045,
        "max": 0.08011687300131598
      },
      "duration_seconds": 78.4608697299991
    }
  ]
}
